{"Test Accuracy":72,"_runtime":184,"Test AUC":0.8012820512820512,"Val AUC":0.7766122766122766,"Test Sensitivity":0.6730769230769231,"Test Specificity":0.7708333333333334,"micro precision":0.72,"_wandb":{"runtime":184},"micro recall":0.72,"_timestamp":1.7730930415512147e+09,"Test Loss":9.014062337875366,"Train Accuracy":52.27272727272727,"_step":199,"micro F1":0.72,"Train Loss":4.020795595916835}