{"Test Specificity":0.7872340425531915,"_wandb":{"runtime":184},"micro recall":0.76,"micro precision":0.76,"micro F1":0.76,"Val AUC":0.7731067961165049,"Test Loss":7.7961171531677245,"Train Loss":3.7970439700240437,"Test AUC":0.8253713368125252,"Test Sensitivity":0.7358490566037735,"Test Accuracy":76,"_step":199,"Train Accuracy":54.26136363636363,"_runtime":184,"_timestamp":1.7730915584704504e+09}