{"_runtime": 182, "_step": 199, "Train Loss": 3.590148763223128, "Train Accuracy": 52.84090909090909, "Test Accuracy": 68, "Val AUC": 0.7786407766990291, "Test Specificity": 0.7872340425531915, "micro recall": 0.68, "Test Loss": 9.0027059841156, "Test AUC": 0.793255720594139, "Test Sensitivity": 0.5849056603773585, "micro F1": 0.68, "micro precision": 0.68, "_timestamp": 1773089099.6199462}