{"_step":199,"micro F1":0.69,"Test Accuracy":69,"Test Loss":9.290007085800172,"Test Specificity":0.7692307692307693,"Test AUC":0.7516025641025641,"_runtime":182,"Test Sensitivity":0.6041666666666666,"_wandb":{"runtime":182},"Train Loss":3.9454748765988783,"Val AUC":0.7927875243664717,"Train Accuracy":53.69318181818182,"micro precision":0.69,"_timestamp":1.7730917423420005e+09,"micro recall":0.69}