{"Train Loss":4.310619272968986,"_runtime":347,"Test Sensitivity":0.7843137254901961,"Test Loss":9.937343730926514,"_timestamp":1.7731495894119492e+09,"Test Specificity":0.6326530612244898,"Val AUC":0.759961127308066,"micro F1":0.7100000000000001,"_wandb":{"runtime":347},"Test AUC":0.7486994797919168,"micro recall":0.71,"micro precision":0.71,"Train Accuracy":50.28409090909091,"Test Accuracy":71,"_step":199}