{"micro recall":0.7,"Test Loss":10.232699127197266,"_step":199,"Train Loss":3.6161667785861273,"_runtime":184,"micro F1":0.7,"Test Specificity":0.6938775510204082,"micro precision":0.7,"Test AUC":0.7571028411364545,"_timestamp":1.7730913721873875e+09,"Train Accuracy":52.84090909090909,"_wandb":{"runtime":184},"Val AUC":0.799125364431487,"Test Accuracy":70,"Test Sensitivity":0.7058823529411765}