{"Train Loss":3.3617708073420958,"micro precision":0.66,"Test Specificity":0.7368421052631579,"Test AUC":0.7564259485924113,"_step":199,"Val AUC":0.7251720747295969,"_timestamp":1.7731502916165519e+09,"_wandb":{"runtime":348},"Train Accuracy":55.11363636363637,"micro F1":0.66,"Test Sensitivity":0.5581395348837209,"Test Loss":10.629858493804932,"micro recall":0.66,"Test Accuracy":66,"_runtime":348}