{"Train Accuracy":53.40909090909091,"_timestamp":1.7730924861956007e+09,"Test Sensitivity":0.7333333333333333,"Test Loss":11.679445762634277,"Val AUC":0.8171758715236976,"micro recall":0.71,"_runtime":185,"Test Specificity":0.6909090909090909,"micro F1":0.7100000000000001,"_step":199,"micro precision":0.71,"_wandb":{"runtime":185},"Test Accuracy":71,"Test AUC":0.7208080808080808,"Train Loss":4.090815808285367}