{"Val AUC":0.7125730994152046,"_runtime":243,"Test Accuracy":70,"Test AUC":0.7556089743589743,"_step":138,"Train Loss":3.909661030227488,"micro precision":0.7,"Test Sensitivity":0.6041666666666666,"Test Specificity":0.7884615384615384,"_wandb":{"runtime":243},"Test Loss":11.387686471939087,"micro recall":0.7,"_timestamp":1.773150886831508e+09,"Train Accuracy":53.69318181818182,"micro F1":0.7}