{"_runtime": 181, "Test AUC": 0.766826923076923, "Test Sensitivity": 0.6346153846153846, "micro recall": 0.67, "micro precision": 0.67, "_timestamp": 1773089645.1032887, "Train Loss": 3.6833662424575198, "Test Accuracy": 67, "Test Specificity": 0.7083333333333334, "micro F1": 0.67, "_step": 199, "Train Accuracy": 52.27272727272727, "Test Loss": 8.41658348083496, "Val AUC": 0.7911810411810412}