{"micro precision":0.68,"_timestamp":1.7731506430016794e+09,"Val AUC":0.739941690962099,"_step":199,"Test Specificity":0.7551020408163265,"_wandb":{"runtime":347},"Train Accuracy":52.27272727272727,"Test Accuracy":68,"Test Sensitivity":0.6078431372549019,"Train Loss":3.6394273855469446,"Test Loss":10.812423877716064,"micro recall":0.68,"Test AUC":0.78031212484994,"micro F1":0.68,"_runtime":347}