{"_runtime": 115, "Train Accuracy": 55.39772727272727, "Test Accuracy": 72, "Val AUC": 0.7677738927738927, "Test Specificity": 0.7708333333333334, "micro F1": 0.72, "micro recall": 0.72, "_step": 123, "Train Loss": 4.026908283883875, "Test Loss": 8.631765093803406, "Test AUC": 0.8273237179487178, "Test Sensitivity": 0.6730769230769231, "micro precision": 0.72, "_timestamp": 1773089759.9051917}