{"_timestamp":1.773149239671528e+09,"micro precision":0.63,"_wandb":{"runtime":348},"_runtime":348,"Test Sensitivity":0.5,"Val AUC":0.7336145996860283,"Train Accuracy":54.82954545454545,"Train Loss":4.006217793984846,"Test AUC":0.6838474025974026,"micro F1":0.63,"Test Specificity":0.7321428571428571,"micro recall":0.63,"Test Accuracy":63,"_step":199,"Test Loss":11.788779983520508}