{"Train Loss":3.859451462938027,"Test Specificity":0.7674418604651163,"Test Accuracy":78,"_timestamp":1.7730922994335535e+09,"Test Loss":9.233914489746093,"_wandb":{"runtime":184},"micro precision":0.78,"_runtime":184,"Train Accuracy":54.54545454545455,"_step":199,"micro recall":0.78,"Val AUC":0.7646658896658897,"Test Sensitivity":0.7894736842105263,"Test AUC":0.8335373317013464,"micro F1":0.78}