{"Train Loss":4.342254110357978,"Val AUC":0.780952380952381,"micro precision":0.73,"_step":199,"micro F1":0.7299999999999999,"_runtime":183,"Test Sensitivity":0.7058823529411765,"Test Specificity":0.7551020408163265,"_timestamp":1.773092854508394e+09,"Test Accuracy":73,"Train Accuracy":51.13636363636363,"Test Loss":8.671833648681641,"Test AUC":0.8035214085634254,"micro recall":0.73,"_wandb":{"runtime":183}}