{"_wandb":{"runtime":183},"micro precision":0.69,"_step":199,"_runtime":183,"Test Specificity":0.6956521739130435,"micro F1":0.69,"Val AUC":0.787322849932052,"micro recall":0.69,"Test Accuracy":69,"Train Loss":3.320703685283661,"Test AUC":0.7725442834138486,"Test Sensitivity":0.6851851851851852,"Train Accuracy":55.96590909090909,"_timestamp":1.773092113930953e+09,"Test Loss":8.685330429077148}