{"_runtime": 180, "Test Accuracy": 58, "Val AUC": 0.8296425796425797, "Test AUC": 0.6854967948717948, "micro precision": 0.58, "_timestamp": 1773089280.2574172, "Train Loss": 4.099440485239029, "Test Loss": 11.433850231170654, "Test Sensitivity": 0.5384615384615384, "Test Specificity": 0.625, "micro F1": 0.58, "micro recall": 0.58, "_step": 199, "Train Accuracy": 52.55681818181818}