{"Test Loss":11.086255588531493,"Test Specificity":0.6923076923076923,"_runtime":350,"_timestamp":1.7731488863944213e+09,"Train Loss":4.2188571989536285,"Test Sensitivity":0.6885245901639344,"Val AUC":0.7392787524366471,"_wandb":{"runtime":350},"micro F1":0.69,"Test AUC":0.7532576712904582,"Test Accuracy":69,"_step":199,"Train Accuracy":50.56818181818182,"micro precision":0.69,"micro recall":0.69}