{"_runtime": 183, "Train Loss": 3.6057440475984053, "Train Accuracy": 54.54545454545455, "Test Loss": 8.875555906295777, "Test Accuracy": 73, "Val AUC": 0.7747327502429543, "Test Sensitivity": 0.6666666666666666, "Test Specificity": 0.7959183673469388, "micro F1": 0.7299999999999999, "Test AUC": 0.8055222088835534, "micro recall": 0.73, "micro precision": 0.73, "_timestamp": 1773089463.5546973, "_step": 199}